#PICT??,?????˛è,˝∆ßS˛´,?ßS˛´,?,?,ßF?,◊˚˙Û,ßF˝ﬂ?,ßF˝ﬂ?,ßF˝ﬂ?,ßF˝ﬂ?,?˝ﬂ?,???,????,????,??????,?˚Í,?˚Í,¶ë??,???,?¢K?,???,¶‹?ßF,¶‹?ßF,¶‹?ßF,¶‹?ßF,?˚Í,?¢K?,?˚Í,?,?§D?ß∆,˝–????????,?????????,???????????,?ßS˛´1,?ßS˛´2,?ßS˛´3,
#,,,???,???,s0,s1,s2,s3,s4,s5,s6,s7,s8,s9,s10,s11,s12,s13,s14,s15,s16,s17,s18,s19,s20,s21,s22,s23,s24,s25,s26,
#,,MRB,MRB,MRB,MRB,MRB,MRB,MRB,MRB,MRB,MRB,MRB,MRB,MRB,MRB,MRB,MRB,MRB,MRB,MRB,MRB,MRB,MRB,MRB,MRB,MRB,MRB,MRB,MRB,MRB,MRB,MRB,MRB,MRB,MRB,MRB,MRB,
10030001,?????,2000_00_00_00,null,null,null,null,null,null,null,null,null,null,null,null,null,null,null,null,null,null,null,null,null,null,null,null,null,null,null,null,null,7705,null,8005,null,null,null,
10030002,?????,2031_00_00_00,null,null,null,null,null,null,null,null,null,null,null,null,null,null,null,null,null,null,null,null,null,null,null,null,null,null,null,null,null,7705,null,8005,null,null,null,
20270000,?????TypeZero,2027_00_00_00,null,null,null,null,null,null,null,null,null,null,null,null,null,null,null,null,null,null,null,null,null,null,null,null,null,null,null,null,null,7705,null,8005,null,null,null,
20290000,?˚‘?????,2029_00_00_00,null,null,null,null,null,null,null,null,null,null,null,null,null,null,null,null,null,null,null,null,null,null,null,null,null,null,null,null,null,7705,null,8005,null,null,null,
10027000,???,2006_00_00_00,null,null,null,null,null,null,null,null,null,null,null,null,null,null,null,null,2006_18_00_00,null,null,null,null,null,null,null,null,null,null,null,null,null,null,8005,null,null,null,
10027001,???,2033_00_00_00,null,null,null,null,null,null,null,null,null,null,null,null,null,null,null,null,2006_18_00_00,null,null,null,null,null,null,null,null,null,null,null,null,null,null,8005,null,null,null,
10019300,????,2009_00_00_00,null,null,null,null,null,null,null,null,null,null,null,null,null,null,null,null,null,null,null,null,null,null,null,null,null,null,null,null,null,7701,null,null,null,null,null,
10019301,????,2032_00_00_00,null,null,null,null,null,null,null,null,null,null,null,null,null,null,null,null,null,null,null,null,null,null,null,null,null,null,null,null,null,7701,null,null,null,null,null,
10021800,????,2016_00_00_00,null,null,null,null,null,null,null,null,null,null,null,null,null,null,null,null,null,null,null,null,null,null,null,null,null,null,null,null,null,7714,null,null,null,null,null,
10022000,????,2018_00_00_00,null,null,null,null,null,null,null,null,null,null,null,null,null,null,null,null,null,null,null,null,null,null,null,null,null,null,null,null,null,7703,null,8005,null,null,null,
10022050,?????,2018_00_00_50,null,null,null,null,null,null,null,null,null,null,null,null,null,null,null,null,null,null,null,null,null,null,null,null,null,null,null,null,null,7703,null,8005,null,null,null,
10022051,???????,2020_00_00_00,null,null,null,null,null,null,null,null,null,null,null,null,null,null,null,null,null,null,null,null,null,null,null,null,null,null,null,null,null,7703,null,8005,null,null,null,
10022052,????????,2025_00_00_00,null,null,null,null,null,null,null,null,null,null,null,null,null,null,null,null,null,null,null,null,null,null,null,null,null,null,null,null,null,7703,null,8005,null,null,null,
10022053,??????,2018_00_00_60,null,null,null,null,null,null,null,null,null,null,null,null,null,null,null,null,null,null,null,null,null,null,null,null,null,null,null,null,null,7703,null,8005,null,null,null,
10022054,?????,2018_00_00_10,null,null,null,null,null,null,null,null,null,null,null,null,null,null,null,null,null,null,null,null,null,null,null,null,null,null,null,null,null,7703,null,8005,null,null,null,
10022055,????????,2018_00_00_61,null,null,null,null,null,null,null,null,null,null,null,null,null,null,null,null,null,null,null,null,null,null,null,null,null,null,null,null,null,7703,null,8005,null,null,null,
10019400,??????,2010_00_00_00,null,null,null,null,null,null,null,null,null,null,null,null,null,null,null,null,null,null,null,null,null,null,null,null,null,null,null,null,null,7700,null,8005,null,null,null,
10019402,????????,2028_00_00_00,null,null,null,null,null,null,null,null,null,null,null,null,null,null,null,null,null,null,null,null,null,null,null,null,null,null,null,null,null,7752,null,8005,null,null,null,
10019403,??????(???),2010_00_00_20,null,null,null,null,null,null,null,null,null,null,null,null,null,null,null,null,null,null,null,null,null,null,null,null,null,null,null,null,null,7700,null,8005,null,null,null,
10019404,????????,2010_00_00_09,null,null,null,null,null,null,null,null,null,null,null,null,null,null,null,null,null,null,null,null,null,null,null,null,null,null,null,null,null,7700,null,8005,null,null,null,
10011500,???,2013_00_00_00,null,null,null,null,null,null,null,null,null,null,null,null,null,null,null,null,null,null,null,null,null,null,null,null,null,null,null,null,null,7704,null,null,null,null,null,
10013850,??????,2004_00_00_00,null,null,null,null,null,null,null,null,null,null,null,null,null,null,null,null,null,null,null,null,null,null,null,null,null,null,null,null,null,7717,null,null,null,null,null,
20040300,?????????,2004_00_00_03,null,null,null,null,null,null,null,null,null,null,null,null,null,null,null,null,null,null,null,null,null,null,null,null,null,null,null,null,null,7717,null,null,null,null,null,
20040301,??????????,2004_00_00_14,null,null,null,null,null,null,null,null,null,null,null,null,null,null,null,null,null,null,null,null,null,null,null,null,null,null,null,null,null,7717,null,null,null,null,null,
10013000,??????????,2001_00_00_00,null,null,null,null,null,null,null,null,null,null,null,null,null,null,null,null,null,null,null,null,null,null,null,null,null,null,null,null,null,7723,null,null,null,null,null,
10019200,?????????????,2007_00_00_00,null,null,null,null,null,null,null,null,null,null,null,null,null,null,null,null,null,null,null,null,null,null,null,null,null,null,null,null,null,null,null,8005,null,null,null,
10021700,??????????,2005_00_00_00,null,null,null,null,null,null,null,null,null,null,null,null,null,null,null,null,null,null,null,null,null,null,null,null,null,null,null,null,null,7724,null,null,null,null,null,
10021701,??????????,2035_00_00_00,null,null,null,null,null,null,null,null,null,null,null,null,null,null,null,null,null,null,null,null,null,null,null,null,null,null,null,null,null,7724,null,null,null,null,null,
10025000,˛ˆ?,1034_00_00_01,null,null,null,null,null,null,null,null,null,null,null,null,null,null,null,null,null,null,null,null,null,null,null,null,null,null,null,null,null,null,null,null,null,null,null,
10025050,˛‰?,1034_00_00_03,null,null,null,null,null,null,null,null,null,null,null,null,null,null,null,null,null,null,null,null,null,null,null,null,null,null,null,null,null,null,null,null,null,null,null,
10050400,?????,2022_00_00_00,null,null,null,null,null,null,null,null,null,null,null,null,null,null,null,null,null,null,null,null,null,null,null,null,null,null,null,null,null,null,null,8005,null,null,null,
10050500,?????,2023_00_00_00,null,null,null,null,null,null,null,null,null,null,null,null,null,null,null,null,null,null,null,null,null,null,null,null,null,null,null,null,null,null,null,8005,null,null,null,
10050600,????,2024_00_00_00,null,null,null,null,null,null,null,null,null,null,null,null,null,null,null,null,null,null,null,null,null,null,null,null,null,null,null,null,null,null,null,8005,null,null,null,
10050602,???????,2024_00_00_05,null,null,null,null,null,null,null,null,null,null,null,null,null,null,null,null,null,null,null,null,null,null,null,null,null,null,null,null,null,null,null,8005,null,null,null,
20240800,??????????,2024_00_00_08,null,null,null,null,null,null,null,null,null,null,null,null,null,null,null,null,null,null,null,null,null,null,null,null,null,null,null,null,null,null,null,8005,null,null,null,
10050700,??????,2025_00_00_00,null,null,null,null,null,null,null,null,null,null,null,null,null,null,null,null,null,null,null,null,null,null,null,null,null,null,null,null,null,null,null,8005,null,null,null,
10050701,??????,2034_00_00_00,null,null,null,null,null,null,null,null,null,null,null,null,null,null,null,null,null,null,null,null,null,null,null,null,null,null,null,null,null,null,null,8005,null,null,null,
90000012,?????(mon),1005_00_00_00,null,null,null,null,null,null,null,null,null,null,null,null,null,null,null,null,null,null,null,null,null,null,null,null,null,null,null,null,null,null,null,null,null,null,null,
90000006,???(mon),1000_00_00_00,null,null,null,null,null,null,null,null,null,null,null,null,null,null,null,null,null,null,null,null,null,null,null,null,null,null,null,null,null,null,null,null,null,null,null,
90000007,????(mon),1007_00_00_00,null,null,null,null,null,null,null,null,null,null,null,null,null,null,null,null,null,null,null,null,null,null,null,null,null,null,null,null,null,null,null,null,null,null,null,
90000008,????????(mon),1010_00_00_00,null,null,null,null,null,null,null,null,null,null,null,null,null,null,null,null,null,null,null,null,null,null,null,null,null,null,null,null,null,null,null,null,null,null,null,
90000009,????(mon),1022_00_00_00,null,null,null,null,null,null,null,null,null,null,null,null,null,null,null,null,null,null,null,null,null,null,null,null,null,null,null,null,null,7710,null,null,null,null,null,
90000010,?????(mon),1004_00_00_00,null,null,null,null,null,null,null,null,null,null,null,null,null,null,null,null,null,null,null,null,null,null,null,null,null,null,null,null,null,null,null,null,null,null,null,
90000011,??(mon),1025_00_00_00,null,null,null,null,null,null,null,null,null,null,null,null,null,null,null,null,null,null,null,null,null,null,null,null,null,null,null,null,null,null,null,null,null,null,null,
90000013,????(mon),1001_00_00_00,null,null,null,null,null,null,null,null,null,null,null,null,null,null,null,null,null,null,null,null,null,null,null,null,null,null,null,null,null,null,null,null,null,null,null,
90000014,?????(mon),1010_00_00_00,null,null,null,null,null,null,null,null,null,null,null,null,null,null,null,null,null,null,null,null,null,null,null,null,null,null,null,null,null,null,null,null,null,null,null,
90000015,??(mon),1003_00_00_00,null,null,null,null,null,null,null,null,null,null,null,null,null,null,null,null,null,null,null,null,null,null,null,null,null,null,null,null,null,null,null,null,null,null,null,
90000016,????????(mon),1006_00_00_00,null,null,null,null,null,null,null,null,null,null,null,null,null,null,null,null,null,null,null,null,null,null,null,null,null,null,null,null,null,null,null,null,null,null,null,
90000017,??(mon),1012_00_00_00,null,null,null,null,null,null,null,null,null,null,null,null,null,null,null,null,null,null,null,null,null,null,null,null,null,null,null,null,null,null,null,null,null,null,null,
90000018,????(mon),1013_00_00_00,null,null,null,null,null,null,null,null,null,null,null,null,null,null,null,null,null,null,null,null,null,null,null,null,null,null,null,null,null,null,null,null,null,null,null,
90000019,•U£v?(mon),1021_00_00_00,null,null,null,null,null,null,null,null,null,null,null,null,null,null,null,null,null,null,null,null,null,null,null,null,null,null,null,null,null,null,null,null,null,null,null,
90000020,????????(mon),1006_00_00_00,null,null,null,null,null,null,null,null,null,null,null,null,null,null,null,null,null,null,null,null,null,null,null,null,null,null,null,null,null,null,null,null,null,null,null,
90000021,?????(mon),1002_00_00_00,null,null,null,null,null,null,null,null,null,null,null,null,null,null,null,null,null,null,null,null,null,null,null,null,null,null,null,null,null,null,null,null,null,null,null,
90000022,????????(mon),1018_00_00_00,null,null,null,null,null,null,null,null,null,null,null,null,null,null,null,null,null,null,null,null,null,null,null,null,null,null,null,null,null,null,null,null,null,null,null,
90000023,?????(mon),1019_00_00_00,null,null,null,null,null,null,null,null,null,null,null,null,null,null,null,null,null,null,null,null,null,null,null,null,null,null,null,null,null,null,null,null,null,null,null,
90000024,???(mon),1020_00_00_00,null,null,null,null,null,null,null,null,null,null,null,null,null,null,null,null,null,null,null,null,null,null,null,null,null,null,null,null,null,null,null,null,null,null,null,
90000025,????(mon),1008_00_00_00,null,null,null,null,null,null,null,null,null,null,null,null,null,null,null,null,null,null,null,null,null,null,null,null,null,null,null,null,null,null,null,null,null,null,null,
90000026,???(mon),1015_00_00_00,null,null,null,null,null,null,null,null,null,null,null,null,null,null,null,null,null,null,null,null,null,null,null,null,null,null,null,null,null,null,null,null,null,null,null,
90000027,???????????mon),1005_00_00_08,null,null,null,null,null,null,null,null,null,null,null,null,null,null,null,null,1005_18_00_00,null,null,null,null,null,null,null,null,null,null,null,null,null,null,null,null,null,null,
90000034,???????,1011_00_00_00,null,null,null,null,null,null,null,null,null,null,null,null,null,null,null,null,null,null,null,null,null,null,null,null,null,null,null,null,null,null,null,null,null,null,null,
90000035,???,1014_00_00_00,null,null,null,null,null,null,null,null,null,null,null,null,null,null,null,null,null,null,null,null,null,null,null,null,null,null,null,null,null,null,null,null,null,null,null,
90000036,˙È??,1024_00_00_00,null,null,null,null,null,null,null,null,null,null,null,null,null,null,null,null,null,null,null,null,null,null,null,null,null,null,null,null,null,null,null,null,null,null,null,
90000037,?????????,1027_00_00_00,null,null,null,null,null,null,null,null,null,null,null,null,null,null,null,null,null,null,null,null,null,null,null,null,null,null,null,null,null,null,null,null,null,null,null,
90000038,????????,1042_00_00_00,null,null,null,null,null,null,null,null,null,null,null,1042_12_00_00,1042_24_00_00,null,null,null,null,null,null,null,null,null,null,null,null,null,null,null,null,null,null,null,null,null,null,
90000039,????,1044_00_00_00,null,null,null,null,null,null,null,null,null,null,null,null,null,null,null,null,null,null,null,null,null,null,null,null,null,null,null,null,null,null,null,null,null,null,null,

